{"count":1,"self":24.931572799999998,"total":24.988636399999997,"children":{"InitializeActuators":{"count":1,"self":0.0025226999999999997,"total":0.0025226999999999997,"children":null},"InitializeSensors":{"count":1,"self":0.0009999,"total":0.0009999,"children":null},"AgentSendState":{"count":945,"self":0.0072542,"total":0.015345,"children":{"CollectObservations":{"count":189,"self":0.0055701,"total":0.0055701,"children":null},"WriteActionMask":{"count":189,"self":0.0015122,"total":0.0015122,"children":null},"RequestDecision":{"count":189,"self":0.0010084999999999998,"total":0.0010084999999999998,"children":null}}},"DecideAction":{"count":945,"self":0.0176726,"total":0.0176726,"children":null},"AgentAct":{"count":945,"self":0.019013199999999997,"total":0.019013199999999997,"children":null}},"gauges":{"ParkCar.CumulativeReward":{"count":2,"max":0.51457417,"min":-1.51746988,"runningAverage":-0.501447856,"value":-1.51746988,"weightedAverage":0.006563157}},"metadata":{"timer_format_version":"0.1.0","start_time_seconds":"1754469928","unity_version":"6000.1.8f1","command_line_arguments":"D:\\Unity\\6000.1.8f1\\Editor\\Unity.exe -projectpath D:\\Unity\\Car Parking ML Agent -useHub -hubIPC -cloudEnvironment production","communication_protocol_version":"1.5.0","com.unity.ml-agents_version":"3.0.0","scene_name":"SampleScene","end_time_seconds":"1754469953"}}